Libellé Fonction,Sous-fonction,Libellé sous-fonction,Article,Bénéficiaire,Budget de l'année,Libellé article
Sports et jeunesse,422.1,Action socio-éducative,6574,AMSIC  (Association Maison des Squares Solidarité Interculturelle Citoyenneté ),202587,Subv. fonct. aux associat.et autres personnes droit privé
Interventions sociales et santé,524.2,Tranquillité publique  prévention de la délinquance,6574,Association CIME Cité et Médiation,35000,Subv. fonct. aux associat.et autres personnes droit privé
Famille,64.116,Autres crèches,6574,Association Rennaise des Espaces Jeux (AREJ),21560,Subv. fonct. aux associat.et autres personnes droit privé
Culture,33.1,Autres actions artistiques et culturelles,6574,Bruit de Lire - Goncourt des lycéens,26000,Subv. fonct. aux associat.et autres personnes droit privé
Interventions sociales et santé,524.1,Autres interventions  sociales,6574,Centre d'Information sur les Droits des Femmes et des Familles d'Ille-et-Vilaine (CIDFF 35),27093,Subv. fonct. aux associat.et autres personnes droit privé
Interventions sociales et santé,512.2,Actions de prévention sanitaire,6574,Centre Régional d'Information Jeunesse Bretagne (CRIJB),31800,Subv. fonct. aux associat.et autres personnes droit privé
Interventions sociales et santé,521.1,Handicap et accessibilité,6574,COLLECTIF HANDICAP 35,23000,Subv. fonct. aux associat.et autres personnes droit privé
Enseignement et formation,255.1,Activités éducatives périscolaires,6574,Ligue de l'Enseignement-FAL 35 - Rencontres Nationales de l'Education,30000,Subv. fonct. aux associat.et autres personnes droit privé
Action économique,94.3,Consommation - diverses actions,6574,MCE CENTRE DE DOCUMENTATION,8160,Subv. fonct. aux associat.et autres personnes droit privé
Sports et jeunesse,422.1,Action socio-éducative,6574,MOUVEMENT ASSOCIATIF RENNAIS,10197,Subv. fonct. aux associat.et autres personnes droit privé
Famille,64.116,Autres crèches,6574,Parenbouge (projet Parendom),70000,Subv. fonct. aux associat.et autres personnes droit privé
Famille,64.116,Autres crèches,6574,Poupenn,77000,Subv. fonct. aux associat.et autres personnes droit privé
Interventions sociales et santé,521.1,Handicap et accessibilité,6574,Provision actions en faveur des personnes handicapés,18389,Subv. fonct. aux associat.et autres personnes droit privé
Famille,64.116,Autres crèches,6574,PROVISION ESPACES JEUX CHARTE QUALITE,12850,Subv. fonct. aux associat.et autres personnes droit privé
Sports et jeunesse,422.2,Autres actions en faveur des jeunes,6574,PROVISION MANIFESTATION ND4J,170200,Subv. fonct. aux associat.et autres personnes droit privé
Sports et jeunesse,422.1,Action socio-éducative,6574,Provision pour animation socio-éducative,20000,Subv. fonct. aux associat.et autres personnes droit privé
Culture,311.15,CRR - Musiques,6574,Provision Soutien pédagogique pratique art amateur,1420,Subv. fonct. aux associat.et autres personnes droit privé
Famille,64.116,Autres crèches,6574,Ty Bugalé,100000,Subv. fonct. aux associat.et autres personnes droit privé
Enseignement et formation,255.15,Oeuvres  scolaires,6574,Union Départementale des Associations de Parents d'Elèves de l'Enseignement Libre (APEL),1000,Subv. fonct. aux associat.et autres personnes droit privé
Sports et jeunesse,422.2,Autres actions en faveur des jeunes,6574,UNIS CITE CONTRAT MISSION,12000,Subv. fonct. aux associat.et autres personnes droit privé
Aménagement et service urbains,822.1,Circulation voirie,6574,Association Rayons d'action,1000,Subv. fonct. aux associat.et autres personnes droit privé
Enseignement et formation,255.1,Activités éducatives périscolaires,6574,Association Loisirs Pluriel,29100,Subv. fonct. aux associat.et autres personnes droit privé
Services généraux des administrations publiques locales,48.101,Jumelages et Relations Internationales,6574,Maison Internationale de Rennes (MIR),312949,Subv. fonct. aux associat.et autres personnes droit privé
Famille,64.116,Autres crèches,6574,MERLINPINPIN - MULTI ACCUEIL LES PETITS MERLINS,144000,Subv. fonct. aux associat.et autres personnes droit privé
Interventions sociales et santé,524.1,Autres interventions  sociales,6574,Provision aide aux syndicats pour matériel et remboursement charges,177876,Subv. fonct. aux associat.et autres personnes droit privé
Sports et jeunesse,422.1,Action socio-éducative,6574,Provision Fonds de fonctionnement et projets (ex. Fonds globaux),408468,Subv. fonct. aux associat.et autres personnes droit privé
Aménagement et service urbains,824.4,Actions quartiers,6574,Provision actions quartiers,61498,Subv. fonct. aux associat.et autres personnes droit privé
Sports et jeunesse,40.25,Animation sportive,6574,Rennes Etudiants Club Volley-ball Professionnel (REC Volley Filles Nationale 2),5000,Subv. fonct. aux associat.et autres personnes droit privé
Sports et jeunesse,422.2,Autres actions en faveur des jeunes,6574,Provision pour actions en faveur des 11/15 ans,27000,Subv. fonct. aux associat.et autres personnes droit privé
Interventions sociales et santé,523.1,Actions en faveur des personnes en difficulté,6574,Secours Catholique,15000,Subv. fonct. aux associat.et autres personnes droit privé
Services généraux des administrations publiques locales,48.101,Jumelages et Relations Internationales,6574,Association jumelage  Rennes-Poznan,1066,Subv. fonct. aux associat.et autres personnes droit privé
Sports et jeunesse,422.1,Action socio-éducative,6574,Association Hexagone - Micro équipement Haut-Blosne,8570,Subv. fonct. aux associat.et autres personnes droit privé
Sports et jeunesse,422.2,Autres actions en faveur des jeunes,6574,AFEV CONTRAT DE MISSION,36000,Subv. fonct. aux associat.et autres personnes droit privé
Culture,311.4,Expression musicale,6574,GIP CAFES CULTURELS,15000,Subv. fonct. aux associat.et autres personnes droit privé
Interventions sociales et santé,512.2,Actions de prévention sanitaire,6574,L'Antre Deux,12100,Subv. fonct. aux associat.et autres personnes droit privé
Services généraux des administrations publiques locales,48.101,Jumelages et Relations Internationales,6574,MOUVEMENT DE LA PAIX BRETAGNE ET GRAND OUEST,5000,Subv. fonct. aux associat.et autres personnes droit privé
Enseignement et formation,255.1,Activités éducatives périscolaires,6574,OCCE - Réseau Réussite Scolaire Bréquigny,1500,Subv. fonct. aux associat.et autres personnes droit privé
Interventions sociales et santé,512.2,Actions de prévention sanitaire,6574,Provision pour diverses actions liées à la santé,27536,Subv. fonct. aux associat.et autres personnes droit privé
Sports et jeunesse,422.2,Autres actions en faveur des jeunes,6574,Provision pour Fonds Rennais d'Initiatives Jeunes,40000,Subv. fonct. aux associat.et autres personnes droit privé
Sports et jeunesse,422.2,Autres actions en faveur des jeunes,6574,PROVISION JEUNES ADULTES QUARTIERS,48000,Subv. fonct. aux associat.et autres personnes droit privé
Sports et jeunesse,422.1,Action socio-éducative,6574,LEO LAGRANGE OUEST - COORDINATION,77600,Subv. fonct. aux associat.et autres personnes droit privé
Sports et jeunesse,422.1,Action socio-éducative,6574.02,Les Trois Maisons (fonctionnement pôle multimédia),5000,Subvention fonct. - Nouvelles technologies
Culture,33.1,Autres actions artistiques et culturelles,6574,Les Ateliers du vent,100000,Subv. fonct. aux associat.et autres personnes droit privé
Sports et jeunesse,40.25,Animation sportive,6574,Maison du Cyclisme,3184,Subv. fonct. aux associat.et autres personnes droit privé
Interventions sociales et santé,524.1,Autres interventions  sociales,6574,Union Départementale des Associations Familiales d'Ille-et-Vilaine (UDAF),10000,Subv. fonct. aux associat.et autres personnes droit privé
Culture,311.4,Expression musicale,6574,Triangle,1012844,Subv. fonct. aux associat.et autres personnes droit privé
Culture,33.1,Autres actions artistiques et culturelles,6574,RUE DES LIVRES,115850,Subv. fonct. aux associat.et autres personnes droit privé
Sports et jeunesse,422.1,Action socio-éducative,6574,Fédération Régionale des MJC,257568,Subv. fonct. aux associat.et autres personnes droit privé
Sports et jeunesse,40.25,Animation sportive,6574,CPB - HANDBALL GARCONS,30000,Subv. fonct. aux associat.et autres personnes droit privé
Enseignement et formation,255.1,Activités éducatives périscolaires,6574,OCCE Réseau de Réussite Scolaire Maurepas,1500,Subv. fonct. aux associat.et autres personnes droit privé
Famille,64.116,Autres crèches,6574,MERLINPINPIN - COORDINATION,5000,Subv. fonct. aux associat.et autres personnes droit privé
Culture,33.1,Autres actions artistiques et culturelles,6574,Association Art Recherche Technique (ART),19902,Subv. fonct. aux associat.et autres personnes droit privé
Culture,313.1,Activités théâtrales,6574,Association Lillico,206000,Subv. fonct. aux associat.et autres personnes droit privé
Culture,311.4,Expression musicale,6574,Centre Chorégraphique National de Rennes et de Bretagne (CCNRB),479100,Subv. fonct. aux associat.et autres personnes droit privé
Interventions sociales et santé,520.1,Centre communal d'action sociale,657362,Centre Communal d'Action Sociale (CCAS),12117825,Sub.fonc.aux org.pub.-Etab.& serv.ratt.-CCAS
Culture,311.4,Expression musicale,6574,Centre de production des Paroles Contemporaines,76900,Subv. fonct. aux associat.et autres personnes droit privé
Services généraux des administrations publiques locales,48.101,Jumelages et Relations Internationales,6574,Comité  jumelage  Rennes-Cork,1066,Subv. fonct. aux associat.et autres personnes droit privé
Interventions sociales et santé,512.2,Actions de prévention sanitaire,6574,Conseil départemental de protection animale d'Ille-et-Vilaine,800,Subv. fonct. aux associat.et autres personnes droit privé
Sports et jeunesse,40.25,Animation sportive,6574,CPB VOLLEY FILLES,5000,Subv. fonct. aux associat.et autres personnes droit privé
Culture,33.1,Autres actions artistiques et culturelles,6574,Diwan Bro Roazhon,55900,Subv. fonct. aux associat.et autres personnes droit privé
Sports et jeunesse,422.3,Autres actions en faveur de l'enfance,6574,Eclaireuses et Eclaireurs de France,35000,Subv. fonct. aux associat.et autres personnes droit privé
Sports et jeunesse,422.2,Autres actions en faveur des jeunes,65738,ECOLE HAUTES ETUDES SANTE PUBLIQUE,5000,Subv.de fonct. aux autres organismes publics
Enseignement et formation,255.15,Oeuvres  scolaires,6574,Fédération des Conseils de Parents d'Elèves des Ecoles Publiques (FCPE),2818,Subv. fonct. aux associat.et autres personnes droit privé
Sports et jeunesse,422.1,Action socio-éducative,6574,LA TOUR D AUVERGNE,449676,Subv. fonct. aux associat.et autres personnes droit privé
Culture,33.1,Autres actions artistiques et culturelles,6574,Le Bon Accueil,25000,Subv. fonct. aux associat.et autres personnes droit privé
Services généraux des administrations publiques locales,48.101,Jumelages et Relations Internationales,6574,Provision - Aides pour projets à caractère international,24621,Subv. fonct. aux associat.et autres personnes droit privé
Sports et jeunesse,422.2,Autres actions en faveur des jeunes,6574,Provision Jeunes en projets,55000,Subv. fonct. aux associat.et autres personnes droit privé
Sports et jeunesse,422.2,Autres actions en faveur des jeunes,6574,Provision - Loisirs d'été pour les jeunes,50000,Subv. fonct. aux associat.et autres personnes droit privé
Sports et jeunesse,40.25,Animation sportive,6574,Provision pour manifestations sportives,87000,Subv. fonct. aux associat.et autres personnes droit privé
Sports et jeunesse,40.25,Animation sportive,6574,Régates Rennaises,4070,Subv. fonct. aux associat.et autres personnes droit privé
Sports et jeunesse,422.1,Action socio-éducative,6574,Rennes Pôle Associations (ex. Rennes Patros Associations),179013,Subv. fonct. aux associat.et autres personnes droit privé
Interventions sociales et santé,512.2,Actions de prévention sanitaire,6574,Réseau Louis Guilloux,18700,Subv. fonct. aux associat.et autres personnes droit privé
Interventions sociales et santé,523.1,Actions en faveur des personnes en difficulté,6574,Secours Populaire Français - Fédération Ille et Vilaine,16000,Subv. fonct. aux associat.et autres personnes droit privé
Action économique,94.3,Consommation - diverses actions,6574,MCE - Commission du réglement des litiges de la consommation,9272,Subv. fonct. aux associat.et autres personnes droit privé
Services généraux des administrations publiques locales,48.101,Jumelages et Relations Internationales,6574,Association Europe - Rennes 35,1066,Subv. fonct. aux associat.et autres personnes droit privé
Interventions sociales et santé,524.15,Egalité des droits et diversité,6574,Association Ar Maure,5636,Subv. fonct. aux associat.et autres personnes droit privé
Enseignement et formation,255.15,Oeuvres  scolaires,6574,Délégués Départementaux de l'Education Nationale (DDEN) - Fédération d'Ille-et-Vilaine,3069,Subv. fonct. aux associat.et autres personnes droit privé
Sports et jeunesse,422.1,Action socio-éducative,6574,FONJEP (2 postes)MJC,139488,Subv. fonct. aux associat.et autres personnes droit privé
Culture,33.1,Autres actions artistiques et culturelles,6574,COMPTOIR DU DOC,42000,Subv. fonct. aux associat.et autres personnes droit privé
Sports et jeunesse,422.1,Action socio-éducative,6574.02,Rencontre et Culture - Maison Quartier Villejean (fonctionnement pôle multimédia),8000,Subvention fonct. - Nouvelles technologies
Culture,314.6,Salles culturelles en régie,6574,Provision salle Guy Ropartz,110000,Subv. fonct. aux associat.et autres personnes droit privé
Sports et jeunesse,40.25,Animation sportive,6574,Provision - Aides aux clubs et animations,1257774,Subv. fonct. aux associat.et autres personnes droit privé
Famille,64.116,Autres crèches,6574,Vivre aux Longschamps (halte garderie Bébébul),13000,Subv. fonct. aux associat.et autres personnes droit privé
Sports et jeunesse,40.25,Animation sportive,6574,STADE RENNAIS RUGBY,20000,Subv. fonct. aux associat.et autres personnes droit privé
Interventions sociales et santé,524.1,Autres interventions  sociales,6574,SUD,7312,Subv. fonct. aux associat.et autres personnes droit privé
Culture,311.15,CRR - Musiques,6574,Arpèges - Formation musicale,10793,Subv. fonct. aux associat.et autres personnes droit privé
Famille,61.1,Aides aux personnes âgées,6574,Association Bistrot Mémoire,5500,Subv. fonct. aux associat.et autres personnes droit privé
Services généraux des administrations publiques locales,48.101,Jumelages et Relations Internationales,6574,Association Rennes-Jinan,1066,Subv. fonct. aux associat.et autres personnes droit privé
Sports et jeunesse,422.1,Action socio-éducative,6574,BUG - CRVA,647021,Subv. fonct. aux associat.et autres personnes droit privé
Interventions sociales et santé,524.15,Egalité des droits et diversité,6574,Centre Culturel Avicenne de Rennes,59722,Subv. fonct. aux associat.et autres personnes droit privé
Culture,311.4,Expression musicale,6574,Danse à tous les étages. Coursives,25500,Subv. fonct. aux associat.et autres personnes droit privé
Culture,311.4,Expression musicale,6574,DOOINIT,50000,Subv. fonct. aux associat.et autres personnes droit privé
Sports et jeunesse,422.1,Action socio-éducative,6574,Et si on se parlait,9422,Subv. fonct. aux associat.et autres personnes droit privé
Sports et jeunesse,40.25,Animation sportive,6574,Fédération Française de Canoë Kayak,394,Subv. fonct. aux associat.et autres personnes droit privé
Services généraux des administrations publiques locales,48.101,Jumelages et Relations Internationales,6574,Institut Franco Américain (IFA),100771,Subv. fonct. aux associat.et autres personnes droit privé
Interventions sociales et santé,512.2,Actions de prévention sanitaire,6574,Liberté couleurs,10000,Subv. fonct. aux associat.et autres personnes droit privé
Interventions sociales et santé,524.25,ACCES AUX LOISIRS POUR TOUS : DISPOSITIF SORTIR,6574,Provision accès à la Culture et aux Loisirs,410000,Subv. fonct. aux associat.et autres personnes droit privé
Culture,33.1,Autres actions artistiques et culturelles,6574,PROVISION EDUCATION ARTISTIQUE ET CULTURELLE,50000,Subv. fonct. aux associat.et autres personnes droit privé
Sports et jeunesse,415.1,Secteur sportif - manif.coorganisées,6574.53,PROVISION MANIFESTATIONS EQUESTRES,2673,Subvention fonction.- Fête du cheval
Sports et jeunesse,422.1,Action socio-éducative,6574,Provision pour équipement vie associative de quartier,35161,Subv. fonct. aux associat.et autres personnes droit privé
Sports et jeunesse,422.1,Action socio-éducative,6574,3 REGARDS LEO LAGRANGE,439204,Subv. fonct. aux associat.et autres personnes droit privé
Sports et jeunesse,422.1,Action socio-éducative,6574,Centre socio-culturel Les Longs Prés,228984,Subv. fonct. aux associat.et autres personnes droit privé
Interventions sociales et santé,512.2,Actions de prévention sanitaire,6574,Association Nationale de Prévention en Alcoologie et en Addictologie d'Ille-et-Vilaine (ANPAA)  (ex. CDPA),8000,Subv. fonct. aux associat.et autres personnes droit privé
Sports et jeunesse,422.1,Action socio-éducative,6574,AUBERGE DE JEUNESSE,5411,Subv. fonct. aux associat.et autres personnes droit privé
Sports et jeunesse,422.1,Action socio-éducative,6574,MJC Le Grand Cordel,264689,Subv. fonct. aux associat.et autres personnes droit privé
Enseignement et formation,255.15,Oeuvres  scolaires,6574,Provision fonds projets écoles,170000,Subv. fonct. aux associat.et autres personnes droit privé
Action économique,94.1,Commerce - diverses actions,6574,Provision Braderie de Rennes,38246,Subv. fonct. aux associat.et autres personnes droit privé
Sports et jeunesse,422.1,Action socio-éducative,6574,Provision Bénévolat,3200,Subv. fonct. aux associat.et autres personnes droit privé
Aménagement et service urbains,832.1,Actions pour l'environnement,6574,Provision pour associations diverses,4300,Subv. fonct. aux associat.et autres personnes droit privé
Sports et jeunesse,422.3,Autres actions en faveur de l'enfance,6574,Provision Projets   Actions Educatives Territoires,41650,Subv. fonct. aux associat.et autres personnes droit privé
Sports et jeunesse,422.1,Action socio-éducative,6574.02,Rennes Pôle Associations  (fonctionnement pôle multimédia),5000,Subvention fonct. - Nouvelles technologies
Culture,33.1,Autres actions artistiques et culturelles,6574,Skol An Emsav,30000,Subv. fonct. aux associat.et autres personnes droit privé
Action économique,94.1,Commerce - diverses actions,6574,Association des commerçants non sédentaires pour la promotion des marchés d'Ille-et-Vilaine,27775,Subv. fonct. aux associat.et autres personnes droit privé
Sports et jeunesse,422.1,Action socio-éducative,6574,Maison de Quartier de la Touche,292961,Subv. fonct. aux associat.et autres personnes droit privé
Culture,33.1,Autres actions artistiques et culturelles,65738,Institut Français (ex Culture France),28000,Subv.de fonct. aux autres organismes publics
Famille,64.116,Autres crèches,6574,Les Fruits de la Passion,70000,Subv. fonct. aux associat.et autres personnes droit privé
Interventions sociales et santé,523.1,Actions en faveur des personnes en difficulté,6574,Restaurants du Coeur - Les Relais du Coeur d'Ille-et-Vilaine,46573,Subv. fonct. aux associat.et autres personnes droit privé
Culture,311.4,Expression musicale,6574,Le Jardin Moderne (ex Collectif),224017,Subv. fonct. aux associat.et autres personnes droit privé
Aménagement et service urbains,,824.1,6574,ENSAB,7000,Subv. fonct. aux associat.et autres personnes droit privé
Interventions sociales et santé,524.1,Autres interventions  sociales,6574,CONFEDERATION PAYSANNE,9581,Subv. fonct. aux associat.et autres personnes droit privé
Interventions sociales et santé,523.1,Actions en faveur des personnes en difficulté,6574,Mouvement Aide à Toute Détresse Quart Monde (ATD Quart Monde)- Délégation Régionale pour la Bretagne,19500,Subv. fonct. aux associat.et autres personnes droit privé
Culture,311.15,CRR - Musiques,6574,MJC La Paillette Formation musicale,3000,Subv. fonct. aux associat.et autres personnes droit privé
Sports et jeunesse,422.1,Action socio-éducative,6574,MQ Villejean FONJEP (1 poste),65899,Subv. fonct. aux associat.et autres personnes droit privé
Sports et jeunesse,422.1,Action socio-éducative,6574,Association Sportive,111929,Subv. fonct. aux associat.et autres personnes droit privé
Interventions sociales et santé,522.1,Centres sociaux,6574,Association Rennaise des Centres Sociaux (ARCS),2315000,Subv. fonct. aux associat.et autres personnes droit privé
Sports et jeunesse,422.1,Action socio-éducative,6574,Comité de Quartier Francisco-Ferrer,173884,Subv. fonct. aux associat.et autres personnes droit privé
Culture,33.1,Autres actions artistiques et culturelles,6574,Association Skeudenn Bro Roazhon,113500,Subv. fonct. aux associat.et autres personnes droit privé
Sports et jeunesse,422.1,Action socio-éducative,6574,APRAS POLE ASSOCIATIF MARBAUDAIS,2126,Subv. fonct. aux associat.et autres personnes droit privé
Culture,33.1,Autres actions artistiques et culturelles,6574,40 m cube-Association du Jour,48131,Subv. fonct. aux associat.et autres personnes droit privé
Famille,64.116,Autres crèches,6574,Cannelle,114000,Subv. fonct. aux associat.et autres personnes droit privé
Famille,64.116,Autres crèches,6574,CARRE RENNAIS - MULTI ACCUEIL LE CARRE DES PETITS RENNAIS,7500,Subv. fonct. aux associat.et autres personnes droit privé
Sports et jeunesse,422.2,Autres actions en faveur des jeunes,6574,Centre Régional d'Information Jeunesse Bretagne (CRIJB)  - fonctionnement,542684,Subv. fonct. aux associat.et autres personnes droit privé
Culture,311.4,Expression musicale,6574,Cercle Celtique de Rennes,64604,Subv. fonct. aux associat.et autres personnes droit privé
Sports et jeunesse,422.2,Autres actions en faveur des jeunes,6574,GRPAS (Groupement Pédagogique d'Animation Sociale),30000,Subv. fonct. aux associat.et autres personnes droit privé
Interventions sociales et santé,521.1,Handicap et accessibilité,6574,Handicap Services 35,10000,Subv. fonct. aux associat.et autres personnes droit privé
Sports et jeunesse,422.1,Action socio-éducative,6574,LEO LAGRANGE OUEST - LA BELLANGERAIS,113213,Subv. fonct. aux associat.et autres personnes droit privé
Enseignement et formation,255.1,Activités éducatives périscolaires,6574,Ligue de l'Enseignement-FAL 35 - Centre ressources info écoles,32500,Subv. fonct. aux associat.et autres personnes droit privé
Enseignement et formation,255.1,Activités éducatives périscolaires,6574,Ligue de l'Enseignement-FAL 35. - Classes de ville,7300,Subv. fonct. aux associat.et autres personnes droit privé
Interventions sociales et santé,524.1,Autres interventions  sociales,6574,Mouvement français pour le Planning Familial,19305,Subv. fonct. aux associat.et autres personnes droit privé
Famille,64.116,Autres crèches,6574,Petits Potes,85000,Subv. fonct. aux associat.et autres personnes droit privé
Sports et jeunesse,40.25,Animation sportive,6574,Société de Tir La Du Guesclin,7991,Subv. fonct. aux associat.et autres personnes droit privé
Aménagement et service urbains, environnement,824.4,6574,VERT LE JARDIN,9900,Subv. fonct. aux associat.et autres personnes droit privé
Services généraux des administrations publiques locales,20.61,Autres charges de personnel,6574,Amicale des retraités territoriaux,3000,Subv. fonct. aux associat.et autres personnes droit privé
Culture,311.4,Expression musicale,6574,3 REGARDS LEO LAGRANGE - HARPE EN JAZZ,4650,Subv. fonct. aux associat.et autres personnes droit privé
Services généraux des administrations publiques locales,48.101,Jumelages et Relations Internationales,6574,MAISON DE L'EUROPE DE RENNES ET DE HAUTE BRETAGNE,10000,Subv. fonct. aux associat.et autres personnes droit privé
Sports et jeunesse,422.1,Action socio-éducative,6574,LEO LAGRANGE OUEST - 3 REGARDS,122415,Subv. fonct. aux associat.et autres personnes droit privé
Sports et jeunesse,422.1,Action socio-éducative,6574,LE CRABE ROUGE,78051,Subv. fonct. aux associat.et autres personnes droit privé
Sports et jeunesse,422.1,Action socio-éducative,6574,Commune Libre Sainte-Thérèse (M.Q. Ste Thérèse),87532,Subv. fonct. aux associat.et autres personnes droit privé
Famille,61.1,Aides aux personnes âgées,6574,Association Média Séniors,5200,Subv. fonct. aux associat.et autres personnes droit privé
Sports et jeunesse,422.1,Action socio-éducative,6574,BOURG L EVEQUE,39211,Subv. fonct. aux associat.et autres personnes droit privé
Sports et jeunesse,40.25,Animation sportive,6574,Handisports Rennes Club,6617,Subv. fonct. aux associat.et autres personnes droit privé
Sports et jeunesse,422.1,Action socio-éducative,6574,Rencontre et Culture - Maison Quartier Villejean,730195,Subv. fonct. aux associat.et autres personnes droit privé
Culture,311.4,Expression musicale,6574,RESERVOIR DANSE (EX COLLECTIF DANSE),15000,Subv. fonct. aux associat.et autres personnes droit privé
Enseignement et formation,255.1,Activités éducatives périscolaires,6574,OCCE Réseau de Réussite Scolaire Villejean,1500,Subv. fonct. aux associat.et autres personnes droit privé
Enseignement et formation,255.1,Activités éducatives périscolaires,6574,OCCE Réseau de Réussite Scolaire Rennes-Sud,3000,Subv. fonct. aux associat.et autres personnes droit privé
Sports et jeunesse,422.2,Autres actions en faveur des jeunes,6574,Provision pour projets étudiants,32000,Subv. fonct. aux associat.et autres personnes droit privé
Culture,313.1,Activités théâtrales,6574,Théâtre du Pré Perché - Péniche spectacle,68000,Subv. fonct. aux associat.et autres personnes droit privé
Sports et jeunesse,40.25,Animation sportive,6574,Union Rennes Basket,150000,Subv. fonct. aux associat.et autres personnes droit privé
Services généraux des administrations publiques locales,48.101,Jumelages et Relations Internationales,6574,Association de jumelage coopération Rennes-Plateau Dogon (AJCRPD),1066,Subv. fonct. aux associat.et autres personnes droit privé
Interventions sociales et santé,524.2,Tranquillité publique,6574,ASSOCIATION ENJEUX D'ENFANTS,10000,Subv. fonct. aux associat.et autres personnes droit privé
Culture,311.4,Expression musicale,6574,Association Trans Musicales,985200,Subv. fonct. aux associat.et autres personnes droit privé
Sports et jeunesse,422.1,Action socio-éducative,6574.02,Centre socio-culturel Les Longs Prés (fonctionnement pôle multimédia),5000,Subvention fonct. - Nouvelles technologies
Sports et jeunesse,422.1,Action socio-éducative,6574.02,Cercle Paul Bert (CPB)  - Fonctionnement pôle multimédia (Landrel,30000,Subvention fonct. - Nouvelles technologies
Culture,33.1,Autres actions artistiques et culturelles,6574,Clair Obscur,188441,Subv. fonct. aux associat.et autres personnes droit privé
Services généraux des administrations publiques locales,48.101,Jumelages et Relations Internationales,6574,Comité jumelage  Rennes-Erlangen,1066,Subv. fonct. aux associat.et autres personnes droit privé
Sports et jeunesse,422.1,Action socio-éducative,6574,FRANCE BENEVOLAT,2866,Subv. fonct. aux associat.et autres personnes droit privé
Culture,311.4,Expression musicale,6574,MJC Antipode Cleunay,185478,Subv. fonct. aux associat.et autres personnes droit privé
Culture,313.1,Activités théâtrales,6574,MJC La Paillette,401239,Subv. fonct. aux associat.et autres personnes droit privé
Sports et jeunesse,422.2,Autres actions en faveur des jeunes,6574,PROVISION ENGAGEMENT CITOYEN,21300,Subv. fonct. aux associat.et autres personnes droit privé
Action économique,94.1,Commerce - diverses actions,6574,Provision - Manifestation Arts du Feu,6500,Subv. fonct. aux associat.et autres personnes droit privé
Services généraux des administrations publiques locales,23.101,Information Communication,6574,PROVISION POUR AIDE AUX FESTIVALS,130000,Subv. fonct. aux associat.et autres personnes droit privé
Sports et jeunesse,415.1,Secteur sportif - manif.coorganisées,6574,PROVISION POUR EVENEMENTIEL SPORTIF,251952,Subv. fonct. aux associat.et autres personnes droit privé
Services généraux des administrations publiques locales,24.201,Relations Publiques,6574,Provision pour les associations d'anciens combattants et victimes de guerre,11000,Subv. fonct. aux associat.et autres personnes droit privé
Culture,314.2,Théâtre National de Bretagne,6574,SMEL Théâtre National de Bretagne (TNB),3021150,Subv. fonct. aux associat.et autres personnes droit privé
Interventions sociales et santé,524.1,Autres interventions  sociales,6574,Union Locale des Retraités CFDT du Pays de Rennes (ULR),500,Subv. fonct. aux associat.et autres personnes droit privé
Sports et jeunesse,40.25,Animation sportive,6574,Stade Rennais Athlétisme,34950,Subv. fonct. aux associat.et autres personnes droit privé
Services généraux des administrations publiques locales,48.101,Jumelages et Relations Internationales,6574,Comité jumelage  Rennes-Exeter,1066,Subv. fonct. aux associat.et autres personnes droit privé
Logement,72.1,Aides au logement social,6574,Consommation Logement et Cadre de Vie (CLCV),37120,Subv. fonct. aux associat.et autres personnes droit privé
Services généraux des administrations publiques locales,48.101,Jumelages et Relations Internationales,6574,Centre Franco Allemand (CEFA),21305,Subv. fonct. aux associat.et autres personnes droit privé
Interventions sociales et santé,524.15,Egalité des droits et diversité,6574,CENTRE CULTUREL BOUDDHIQUE,15527,Subv. fonct. aux associat.et autres personnes droit privé
Famille,61.1,Aides aux personnes âgées,6574,Association pour l'Université du Temps Libre (UTL),5200,Subv. fonct. aux associat.et autres personnes droit privé
Famille,64.116,Autres crèches,6574,MERLINPINPIN Lieu d'Accueil Enfants Parents,7060,Subv. fonct. aux associat.et autres personnes droit privé
Interventions sociales et santé,522.1,Centres sociaux,6574,ARCS - Animation Centre Ville,20000,Subv. fonct. aux associat.et autres personnes droit privé
Interventions sociales et santé,524.1,Autres interventions  sociales,6574,MAISON DES ANCIENS COMBATTANTS,8207,Subv. fonct. aux associat.et autres personnes droit privé
Famille,61.1,Aides aux personnes âgées,6574,Observatoire et Pôle d'Animation des Retraités Rennais (OPAR),176702,Subv. fonct. aux associat.et autres personnes droit privé
Culture,311.4,Expression musicale,6574,Orchestre Régional de Bretagne,1303000,Subv. fonct. aux associat.et autres personnes droit privé
Culture,33.1,Autres actions artistiques et culturelles,65738,Office public de la langue Bretonne,12000,Subv.de fonct. aux autres organismes publics
Interventions sociales et santé,521.1,Handicap et accessibilité,6574,Union Régionale des Associations de  Parents et d'Enfants Déficients Auditifs (URAPEDA),20000,Subv. fonct. aux associat.et autres personnes droit privé
Interventions sociales et santé,524.2,Tranquillité publique,6574,TOUT ATOUT - Prévention en direction des jeunes,4000,Subv. fonct. aux associat.et autres personnes droit privé
Aménagement et service urbains, environnement,824.3,6574,Provision pour co-financement poste adultes-relais,85343,Subv. fonct. aux associat.et autres personnes droit privé
Sports et jeunesse,422.2,Autres actions en faveur des jeunes,6574,PROVISION FONDS JEUNESSE ET QUARTIERS PRIORITAIRES,10000,Subv. fonct. aux associat.et autres personnes droit privé
Action économique,94.3,Consommation - diverses actions,6574,MCE CENTRE ECOLES ENVIRONNEMENT,14166,Subv. fonct. aux associat.et autres personnes droit privé
Sports et jeunesse,422.2,Autres actions en faveur des jeunes,6574,PROVISION TAM TAM CRIJB,43000,Subv. fonct. aux associat.et autres personnes droit privé
Sports et jeunesse,40.25,Animation sportive,6574,Rennes Evasion Nature,1368,Subv. fonct. aux associat.et autres personnes droit privé
Enseignement et formation,212.1,Enseignement public 1er  degré - élémentaire,6574,Dotations annuelles aux associations d'écoles pour les petites fournitures,33000,Subv. fonct. aux associat.et autres personnes droit privé
Sports et jeunesse,422.2,Autres actions en faveur des jeunes,6574,CPB FORMATION JEUNES ADULTES,25000,Subv. fonct. aux associat.et autres personnes droit privé
Interventions sociales et santé,524.2,Tranquillité publique,6574,OPTIMA - ACCES AU DROIT - QUARTIERS PRIORITAIRES,20000,Subv. fonct. aux associat.et autres personnes droit privé
Famille,61.1,Aides aux personnes âgées,6574,Provision  Actions en direction des personnes âgées,13000,Subv. fonct. aux associat.et autres personnes droit privé
Sports et jeunesse,422.1,Action socio-éducative,6574,MJC Bréquigny (Clôteaux),344379,Subv. fonct. aux associat.et autres personnes droit privé
Action économique,93.1,Maitrise énergie,6574,Clé - ALEC - Agence locale de l'énergie et du climat du pays de Rennes,32800,Subv. fonct. aux associat.et autres personnes droit privé
Interventions sociales et santé,523.1,Actions en faveur des personnes en difficulté,6574,Banque Alimentaire 35,5000,Subv. fonct. aux associat.et autres personnes droit privé
Interventions sociales et santé,524.2,Tranquillité publique,6574,Association d'Aide aux Victimes d'Infractions Pénales et d'Accès au Droit - SOS Victimes 35,15000,Subv. fonct. aux associat.et autres personnes droit privé
Culture,313.1,Activités théâtrales,6574,Association Art Dramatique Expression Culture (ADEC) - Maison du Théâtre Amateur,51340,Subv. fonct. aux associat.et autres personnes droit privé
Interventions sociales et santé,524.2,Tranquillité publique,6574,Association Brin de Soleil,10000,Subv. fonct. aux associat.et autres personnes droit privé
Services généraux des administrations publiques locales,48.101,Jumelages et Relations Internationales,6574,Association jumelage  Rennes-Shimaï Toshi Sendaï,1066,Subv. fonct. aux associat.et autres personnes droit privé
Culture,33.1,Autres actions artistiques et culturelles,6574,AY-ROOP,53000,Subv. fonct. aux associat.et autres personnes droit privé
Services généraux des administrations publiques locales,20.61,Autres charges de personnel,6574,CASDEC,656802,Subv. fonct. aux associat.et autres personnes droit privé
Sports et jeunesse,422.1,Action socio-éducative,6574,Cercle Paul Bert (CPB) - Fonctionnement,2789744,Subv. fonct. aux associat.et autres personnes droit privé
Sports et jeunesse,422.1,Action socio-éducative,6574,Comité de Quartier de la Binquenais,102031,Subv. fonct. aux associat.et autres personnes droit privé
Enseignement et formation,213.25,Autres enseignements,6574,Div Yezh Bro Roazhon (Ass. Parents Elèves pour Enseignement du Breton à l'Ecole Publique),11600,Subv. fonct. aux associat.et autres personnes droit privé
Sports et jeunesse,422.1,Action socio-éducative,6574,PAR TOUT ARTISTE,20000,Subv. fonct. aux associat.et autres personnes droit privé
Culture,33.1,Autres actions artistiques et culturelles,6574,Provision pour actions culturelles,466550,Subv. fonct. aux associat.et autres personnes droit privé
Action économique,90.3,Actions pour l'emploi,6574,Provision pour emploi associatif local,638752,Subv. fonct. aux associat.et autres personnes droit privé
Sports et jeunesse,40.25,Animation sportive,6574,RENNES VOLLEY 35,419189,Subv. fonct. aux associat.et autres personnes droit privé
Sports et jeunesse,40.25,Animation sportive,6574,TOUR D'AUVERGNE,40458,Subv. fonct. aux associat.et autres personnes droit privé
Interventions sociales et santé,512.2,Actions de prévention sanitaire,6574,Vétérinaires pour tous 35,3600,Subv. fonct. aux associat.et autres personnes droit privé
Interventions sociales et santé,524.15,Egalité des droits et diversité,6574,AGE DE LA TORTUE,13000,Subv. fonct. aux associat.et autres personnes droit privé
Culture,311.4,Expression musicale,6574,3 PTIT TOUR,17000,Subv. fonct. aux associat.et autres personnes droit privé
Famille,64.116,Autres crèches,6574,AMSIC (Maison des Squares - halte garderie),1600,Subv. fonct. aux associat.et autres personnes droit privé
Sports et jeunesse,422.1,Action socio-éducative,6574.02,AMSIC  (fonctionnement pôle multimédia),10000,Subvention fonct. - Nouvelles technologies
Sports et jeunesse,422.1,Action socio-éducative,6574.02,3 REGARDS EPN (multimédia),5000,Subvention fonct. - Nouvelles technologies
Action économique,94.3,Consommation - diverses actions,6574,Maison de la Consommation et de l'Environnement (MCE) et Centre Local d'Information sur les prix (CLIP),170735,Subv. fonct. aux associat.et autres personnes droit privé
Enseignement et formation,255.1,Activités éducatives périscolaires,6574,Ligue de l'Enseignement-FAL 35  : fonctionnement,127680,Subv. fonct. aux associat.et autres personnes droit privé
Sécurité et salubrité publiques,114.2,Actions de protection civile,6574,La Prévention Routière,1470,Subv. fonct. aux associat.et autres personnes droit privé
Interventions sociales et santé,524.1,Autres interventions  sociales,6574,Association Départementale d'Aide aux Gérants,2000,Subv. fonct. aux associat.et autres personnes droit privé
Culture,33.1,Autres actions artistiques et culturelles,6574,ART NORAC - biennale art contemporain,105000,Subv. fonct. aux associat.et autres personnes droit privé
Aménagement et service urbains,824.3,Politique de la Ville,6574,,12000,Subv. fonct. aux associat.et autres personnes droit privé
Interventions sociales et santé,524.15,Egalité des droits et diversité,6574,PROVISION DIVERSITE CULTURELLE SOUTIEN ASSOCIATION,32620,Subv. fonct. aux associat.et autres personnes droit privé
Famille,64.116,Autres crèches,6574,PARENBOUGE ENFANTAISY,42000,Subv. fonct. aux associat.et autres personnes droit privé
Interventions sociales et santé,512.2,Actions de prévention sanitaire,6574,Aides Bretagne,9000,Subv. fonct. aux associat.et autres personnes droit privé
Sports et jeunesse,422.2,Autres actions en faveur des jeunes,6574,APRAS - PROVISION POUR PROJETS EXPERIMENTAUX,30000,Subv. fonct. aux associat.et autres personnes droit privé
Famille,64.116,Autres crèches,6574,ASFAD MULTI ACCUEIL M'TI MOUN,208000,Subv. fonct. aux associat.et autres personnes droit privé
Sports et jeunesse,40.25,Animation sportive,6574,Association La Boule d'or (charges),176,Subv. fonct. aux associat.et autres personnes droit privé
Sports et jeunesse,40.25,Animation sportive,6574,Association Régionale de Médecine du Sport,5000,Subv. fonct. aux associat.et autres personnes droit privé
Famille,64.116,Autres crèches,6574,Au Clair de la Lune,55000,Subv. fonct. aux associat.et autres personnes droit privé
Culture,33.1,Autres actions artistiques et culturelles,6574,CENTRE CULTUREL COLOMBIER - PHAKT,5000,Subv. fonct. aux associat.et autres personnes droit privé
Sports et jeunesse,422.1,Action socio-éducative,6574.02,Centre Régional d'Information Jeunesse Bretagne (CRIJB) - fonctionnement pôle multimédia,6300,Subvention fonct. - Nouvelles technologies
Sports et jeunesse,422.1,Action socio-éducative,6574,Les Trois Maisons,163961,Subv. fonct. aux associat.et autres personnes droit privé
Sports et jeunesse,422.1,Action socio-éducative,6574.02,MJC BREQUIGNY FONCT POLE MULTIMEDIA,8000,Subvention fonct. - Nouvelles technologies
Sports et jeunesse,422.1,Action socio-éducative,6574.02,MJC Le Grand Cordel (fonctionnement pôle multimédia),8000,Subvention fonct. - Nouvelles technologies
Famille,64.116,Autres crèches,6574,PARENBOUGE MULTI ACCUEIL CARRE P'TITS RENNAIS,123750,Subv. fonct. aux associat.et autres personnes droit privé
Services généraux des administrations publiques locales,48.101,Jumelages et Relations Internationales,6574.66,Provision - Aide aux Pays en développement,234876,Subvention fonction.- Aide aux pays en voie dévelop.
Action économique,94.1,Commerce - diverses actions,6574,Provision - Animation commerciale,110188,Subv. fonct. aux associat.et autres personnes droit privé
Aménagement et service urbains,824.3,Politique de la Ville,6574,Provision pour diverses actions,175130,Subv. fonct. aux associat.et autres personnes droit privé
Sports et jeunesse,40.25,Animation sportive,6574,PROVISION POUR SPORT HAUT NIVEAU,277400,Subv. fonct. aux associat.et autres personnes droit privé
Services généraux des administrations publiques locales,23.101,Information Communication,6574,Provision - Soutien à l'information,105000,Subv. fonct. aux associat.et autres personnes droit privé
Sports et jeunesse,40.25,Animation sportive,6574,Rennes Etudiants Club Volley-ball Amateur  (REC Volley) (animateur),32765,Subv. fonct. aux associat.et autres personnes droit privé
Sports et jeunesse,422.1,Action socio-éducative,6574,Société d'Astronomie de Rennes (SAR),5272,Subv. fonct. aux associat.et autres personnes droit privé
Enseignement et formation,211.1,Enseignement public 1er degré - maternel,6574,Dotations annuelles aux associations d'écoles pour les petites fournitures,23500,Subv. fonct. aux associat.et autres personnes droit privé
Services généraux des administrations publiques locales,48.101,Jumelages et Relations Internationales,6574.66,CRIDEV - Aide aux Pays en développement,25245,Subvention fonction.- Aide aux pays en voie dévelop.
Sports et jeunesse,422.1,Action socio-éducative,6574.02,Commune Libre Sainte-Thérèse (M.Q. Ste Thérèse) (fonctionnement pôle multimédia),5000,Subvention fonct. - Nouvelles technologies
Interventions sociales et santé,524.15,Egalité des droits et diversité,6574,Centre Gay Lesbien Bi et trans,10000,Subv. fonct. aux associat.et autres personnes droit privé
Sports et jeunesse,40.25,Animation sportive,6574,Compagnie les Archers,997,Subv. fonct. aux associat.et autres personnes droit privé
Services généraux des administrations publiques locales,48.101,Jumelages et Relations Internationales,6574,Association jumelage  Rennes-Sétif,1066,Subv. fonct. aux associat.et autres personnes droit privé
Services généraux des administrations publiques locales,48.101,Jumelages et Relations Internationales,6574,Association  Rennes-Rochester,1066,Subv. fonct. aux associat.et autres personnes droit privé
Sports et jeunesse,422.1,Action socio-éducative,6574,Cadets de Bretagne (rue d'Antrain),116269,Subv. fonct. aux associat.et autres personnes droit privé
Sports et jeunesse,422.1,Action socio-éducative,6574.02,MJC MAISON SUEDE FONCT POLE MULTIMEDIA,5000,Subvention fonct. - Nouvelles technologies
Sports et jeunesse,422.1,Action socio-éducative,6574,MJC Antipode-Cleunay,250757,Subv. fonct. aux associat.et autres personnes droit privé
Sports et jeunesse,422.3,Autres actions en faveur de l'enfance,6574,PROVISION ORGANISATION FETE DU JEU DANS QUARTIERS,4300,Subv. fonct. aux associat.et autres personnes droit privé
Interventions sociales et santé,524.2,Tranquillité publique,6574,Provision CLSPD,41920,Subv. fonct. aux associat.et autres personnes droit privé
Culture,33.1,Autres actions artistiques et culturelles,6574,PROVISION DISPOSITIF LES RENNAIS PRENNENT L ART,65000,Subv. fonct. aux associat.et autres personnes droit privé
Sports et jeunesse,40.25,Animation sportive,6574,REC Rugby,20000,Subv. fonct. aux associat.et autres personnes droit privé
Services généraux des administrations publiques locales,48.101,Jumelages et Relations Internationales,6574,Association jumelage  Rennes-Brno,1066,Subv. fonct. aux associat.et autres personnes droit privé
Interventions sociales et santé,521.1,Handicap et accessibilité,6574,Association des paralysés de France (APF) : service social,13000,Subv. fonct. aux associat.et autres personnes droit privé
Culture,321.1,Bibliothèques,6574,AS. LIRE ET DELIRE-ESPACE LECTURE CARREFOUR 18 -,27000,Subv. fonct. aux associat.et autres personnes droit privé
Enseignement et formation,255.1,Activités éducatives périscolaires,6574,Groupement Rennais Pédagogique d'Animation Sociale (GRPAS),26500,Subv. fonct. aux associat.et autres personnes droit privé
Interventions sociales et santé,524.15,Egalité des droits et diversité,6574,Provision - Action Lutte contre les discriminations et accès aux droits,9405,Subv. fonct. aux associat.et autres personnes droit privé
Culture,311.15,CRR - Musiques,6574,Mouvances Formation musicale,4121,Subv. fonct. aux associat.et autres personnes droit privé
Enseignement et formation,255.1,Activités éducatives périscolaires,6574,Université de Rennes 1 - ASTEP,5500,Subv. fonct. aux associat.et autres personnes droit privé
Enseignement et formation,255.15,Oeuvres  scolaires,6574,Provision pour les associations participant aux ateliers,510000,Subv. fonct. aux associat.et autres personnes droit privé
Sports et jeunesse,422.2,Autres actions en faveur des jeunes,6574,Provision animation présence de rue,100732,Subv. fonct. aux associat.et autres personnes droit privé
Sports et jeunesse,422.1,Action socio-éducative,6574,Provision pour soutien aux projets associatifs,20420,Subv. fonct. aux associat.et autres personnes droit privé
Aménagement et service urbains,824.1,Aménagement urbain - opérations directes,6574,Maison de l'Architecture de Bretagne,5000,Subv. fonct. aux associat.et autres personnes droit privé
Sports et jeunesse,422.1,Action socio-éducative,6574.02,Maison de Quartier de la Touche (fonctionnement pôle multimédia),10000,Subvention fonct. - Nouvelles technologies
Sports et jeunesse,40.25,Animation sportive,6574,Ligue de Bretagne de Judo,28237,Subv. fonct. aux associat.et autres personnes droit privé
Culture,33.101,Secteur culturel - manif.coorganisées,6574.56,Les Tombées de la Nuit (festival),977490,Subvention fonction.- Tombées Nuit
Enseignement et formation,255.101,Classes de découvertes,6574,Union Départementale des Associations de Parents d'Elèves de l'Enseignement Libre (APEL),4230,Subv. fonct. aux associat.et autres personnes droit privé
Interventions sociales et santé,524.15,Egalité des droits et diversité,6574,Union des Associations Interculturelles de Rennes (UAIR),84298,Subv. fonct. aux associat.et autres personnes droit privé
Interventions sociales et santé,524.2,Tranquillité publique,65738,Conseil Départemental de l'accès au Droit d'Ille-et-Vilaine (CDAD 35),10000,subventions fonctionnement aux autres organismes publics
Sports et jeunesse,422.2,Autres actions en faveur des jeunes,6574,CRABE ROUGE EPN (MULTIMEDIA),5000,Subv. fonct. aux associat.et autres personnes droit privé
Enseignement et formation,255.1,Activités éducatives périscolaires,6574,Office Central de la Coopération à l'Ecole (OCCE) - Classes écologie,9900,Subv. fonct. aux associat.et autres personnes droit privé
Culture,311.4,Expression musicale,6574,MJC Bréquigny - Festival Jazz à l'Ouest,30000,Subv. fonct. aux associat.et autres personnes droit privé
Interventions sociales et santé,521.1,Handicap et accessibilité,6574,Club Primevères,19000,Subv. fonct. aux associat.et autres personnes droit privé
Enseignement et formation,255.15,Oeuvres  scolaires,657361,Caisse des Ecoles,96000,Sub.fonc.aux org.publ.-Etab.& serv.rattach.-Caisse Ecoles
Sports et jeunesse,422.1,Action socio-éducative,6574,APRAS - Pôles associatifs et micro équipement,50495,Subv. fonct. aux associat.et autres personnes droit privé
Interventions sociales et santé,524.2,Tranquillité publique,6574,ASFAD - poste d'intervenant social au commissariat,15000,Subv. fonct. aux associat.et autres personnes droit privé
Services généraux des administrations publiques locales,20.61,Autres charges de personnel,6574,ASMR,70000,Subv. fonct. aux associat.et autres personnes droit privé
Interventions sociales et santé,523.1,Actions en faveur des personnes en difficulté,6574,Association des Compagnons Bâtisseurs,10000,Subv. fonct. aux associat.et autres personnes droit privé
Famille,64.116,Autres crèches,6574,Avant-Première Melba,108000,Subv. fonct. aux associat.et autres personnes droit privé
Interventions sociales et santé,523.1,Actions en faveur des personnes en difficulté,6574,Croix Rouge Française,31327,Subv. fonct. aux associat.et autres personnes droit privé
Sports et jeunesse,422.1,Action socio-éducative,6574.02,LA TOUR D AUVERGNE FONC POLE MULTIMEDIA,5000,Subvention fonct. - Nouvelles technologies
Sports et jeunesse,422.1,Action socio-éducative,6574,Maison du Ronceray,144284,Subv. fonct. aux associat.et autres personnes droit privé
Interventions sociales et santé,524.2,Tranquillité publique,6574,OPTIMA - MEDIATION A L'ECOLE,52000,Subv. fonct. aux associat.et autres personnes droit privé
Famille,64.116,Autres crèches,6574,Parenbouge (crèche Calaïs),42000,Subv. fonct. aux associat.et autres personnes droit privé
Sports et jeunesse,422.3,Autres actions en faveur de l'enfance,6574,Provision - Droits de l'enfant,16000,Subv. fonct. aux associat.et autres personnes droit privé
Sports et jeunesse,422.1,Action socio-éducative,6574,PROVISION ECONOMIE SOCIALE ET SOLIDAIRE (GEDES),10000,Subv. fonct. aux associat.et autres personnes droit privé
Interventions sociales et santé,524.1,Autres interventions  sociales,6574,Provision pour diverses actions en faveur des femmes,6630,Subv. fonct. aux associat.et autres personnes droit privé
Logement,72.1,Aides au logement social,6574,AGENCE IMMOBILIERE A VOCATION SOCIALE AIVS,3000,Subv. fonct. aux associat.et autres personnes droit privé
Interventions sociales et santé,523.1,Actions en faveur des personnes en difficulté,6574,Asso pour la Subsistance,2031,Subv. fonct. aux associat.et autres personnes droit privé
Sports et jeunesse,422.2,Autres actions en faveur des jeunes,6574,ESPOIR ET ENTRAIDE SCOLAIRE CONTRAT DE MISSION,16000,Subv. fonct. aux associat.et autres personnes droit privé
Enseignement et formation,255.15,Oeuvres  scolaires,6574,Diwan Bro Roazhon (Restauration),23850,Subv. fonct. aux associat.et autres personnes droit privé
Sports et jeunesse,422.1,Action socio-éducative,6574,PROVISION OBSERVATION ET EVALUATION VIE ASSOCIATIVE,9000,Subv. fonct. aux associat.et autres personnes droit privé
Interventions sociales et santé,524.1,Autres interventions  sociales,6574,Provision pour diverses actions sociales,14000,Subv. fonct. aux associat.et autres personnes droit privé
Sports et jeunesse,422.3,Autres actions en faveur de l'enfance,6574,PEP 35 - CENTRE ANGELE VANNIER,23200,Subv. fonct. aux associat.et autres personnes droit privé
Culture,311.4,Expression musicale,6574,TOUT ATOUT,25000,Subv. fonct. aux associat.et autres personnes droit privé
Interventions sociales et santé,512.2,Actions de prévention sanitaire,6574,ARPELS,2600,Subv. fonct. aux associat.et autres personnes droit privé
Interventions sociales et santé,523.1,Actions en faveur des personnes en difficulté,6574,Association des Compagnons Bâtisseurs (1 poste FONJEP),41000,Subv. fonct. aux associat.et autres personnes droit privé
Interventions sociales et santé,524.1,Autres interventions  sociales,6574,Association des Retraités Force Ouvrière de Rennes (FO),500,Subv. fonct. aux associat.et autres personnes droit privé
Famille,64.116,Autres crèches,6574,CAF - Relais Assistantes Maternelles,28000,Subv. fonct. aux associat.et autres personnes droit privé
Aménagement et service urbains,824.1,Aménagement urbain - opérations directes,6574,Compagnie des commisseurs enquêteurs,400,Subv. fonct. aux associat.et autres personnes droit privé
Logement,72.1,Aides au logement social,6574,Confédération Nationale du Logement (CNL),15876,Subv. fonct. aux associat.et autres personnes droit privé
Interventions sociales et santé,524.1,Autres interventions  sociales,6574,Fédération Syndicale Unitaire (FSU),39541,Subv. fonct. aux associat.et autres personnes droit privé
Interventions sociales et santé,512.2,Actions de prévention sanitaire,6574,FGDON 35,13000,Subv. fonct. aux associat.et autres personnes droit privé
Culture,311.4,Expression musicale,6574,I M FROM RENNES,30000,Subv. fonct. aux associat.et autres personnes droit privé
Sports et jeunesse,40.25,Animation sportive,6574,Kayak Club Rennais,978,Subv. fonct. aux associat.et autres personnes droit privé
Culture,311.15,CRR - Musiques,6574,MJC Bréquigny Formation musicale,9000,Subv. fonct. aux associat.et autres personnes droit privé
Culture,33.1,Autres actions artistiques et culturelles,6574,PROV INNOVATION EXPERIMENTATION ARTISTIQUE SOCIALE,20000,Subv. fonct. aux associat.et autres personnes droit privé
Services généraux des administrations publiques locales,48.101,Jumelages et Relations Internationales,6574,Provision pour relations internationales,53741,Subv. fonct. aux associat.et autres personnes droit privé
Sports et jeunesse,422.3,Autres actions en faveur de l'enfance,6574,Scouts et Guides de France,15000,Subv. fonct. aux associat.et autres personnes droit privé
Culture,314.2,Théâtre National de Bretagne,6574,SMEL Théâtre National de Bretagne : Ecole d'Art Dramatique (TNB),280000,Subv. fonct. aux associat.et autres personnes droit privé
Services généraux des administrations publiques locales,48.101,Jumelages et Relations Internationales,6574,Comité jumelage  Rennes-Almaty,1066,Subv. fonct. aux associat.et autres personnes droit privé
Culture,313.1,Activités théâtrales,6574,Cercle Paul Bert - Théâtre du Cercle,59000,Subv. fonct. aux associat.et autres personnes droit privé
Aménagement et service urbains,823.1,Espaces verts et jardins,6574,MCE - NICHOIRS CITOYENS,5000,Subv. fonct. aux associat.et autres personnes droit privé
Aménagement et service urbains,822.1,Circulation voirie,6574,Provision pour diverses actions de sécurité routière,38400,Subv. fonct. aux associat.et autres personnes droit privé
Enseignement et formation,255.15,Oeuvres  scolaires,6574,Association Départementale des Pupilles de l'Enseignement Public d'Ille et Vilaine(ADPEP 35),7255,Subv. fonct. aux associat.et autres personnes droit privé
Services généraux des administrations publiques locales,23.101,Information Communication,6574,Association BUG - Gestion WIKI Rennes,20000,Subv. fonct. aux associat.et autres personnes droit privé
Sports et jeunesse,422.3,Autres actions en faveur de l'enfance,6574,Les Petits Débrouillards de Bretagne,29000,Subv. fonct. aux associat.et autres personnes droit privé
Culture,311.15,CRR - Musiques,6574,Ensemble Musical des Cheminots Rennais,2732,Subv. fonct. aux associat.et autres personnes droit privé
Sports et jeunesse,422.1,Action socio-éducative,6574,LEO LAGRANGE OUEST - PHAKT,107487,Subv. fonct. aux associat.et autres personnes droit privé
Sports et jeunesse,40.25,Animation sportive,6574,Pôle France de gymnastique de Rennes,32972,Subv. fonct. aux associat.et autres personnes droit privé
Interventions sociales et santé,524.1,Autres interventions  sociales,6574,Union Syndicale des retraités CGT,500,Subv. fonct. aux associat.et autres personnes droit privé
Interventions sociales et santé,524.1,Autres interventions  sociales,6574,Provision aide aux syndicats pour formation et personnel,181131,Subv. fonct. aux associat.et autres personnes droit privé
Action économique,93.1,Maitrise énergie,6574,Provision pour associations diverses,41000,Subv. fonct. aux associat.et autres personnes droit privé
Sports et jeunesse,422.1,Action socio-éducative,6574,La Bellangerais : Maison  Quartier Bellangerais,234135,Subv. fonct. aux associat.et autres personnes droit privé
Interventions sociales et santé,524.1,Autres interventions  sociales,6574,Association pour la Promotion de l'Action et de l'Animation Sociale (APRAS) (fonctionnement),183000,Subv. fonct. aux associat.et autres personnes droit privé
Sports et jeunesse,40.25,Animation sportive,6574,Avenir de Rennes,82626,Subv. fonct. aux associat.et autres personnes droit privé
Culture,311.15,CRR - Musiques,6574,ADEC - Maison du Théâtre Amateur Formation musicale,2500,Subv. fonct. aux associat.et autres personnes droit privé
Services généraux des administrations publiques locales,20.61,Autres charges de personnel,6574,Association des Régisseurs de la Ville de Rennes,209,Subv. fonct. aux associat.et autres personnes droit privé
Action économique,94.1,Commerce - diverses actions,6574,Carré Rennais (association des commerçants et artisans réunis rennais),91271,Subv. fonct. aux associat.et autres personnes droit privé
Sports et jeunesse,422.1,Action socio-éducative,6574,EPI,2695,Subv. fonct. aux associat.et autres personnes droit privé
Sports et jeunesse,422.1,Action socio-éducative,6574,Fédération Régionale des Centres Sociaux et Socio-culturels de Bretagne,9013,Subv. fonct. aux associat.et autres personnes droit privé
Sports et jeunesse,422.1,Action socio-éducative,6574.02,La Bellangerais : Maison  Quartier Bellangerais (fonctionnement pôle multimédia),10000,Subvention fonct. - Nouvelles technologies
Culture,33.1,Autres actions artistiques et culturelles,6574,Maison de la Poésie,60717,Subv. fonct. aux associat.et autres personnes droit privé
Sports et jeunesse,422.1,Action socio-éducative,6574,Maison de Quartier Rennes Nord Saint-Martin,179993,Subv. fonct. aux associat.et autres personnes droit privé
Enseignement et formation,255.15,Oeuvres  scolaires,6574,Office de Tourisme de Rennes Métropole -Destination Rennes - Classes de ville,7300,Subv. fonct. aux associat.et autres personnes droit privé
Famille,64.116,Autres crèches,6574,Parenbouge (Multi-accueil Croc Mahon),109020,Subv. fonct. aux associat.et autres personnes droit privé
Interventions sociales et santé,524.15,Egalité des droits et diversité,6574,PROVISION LAICITE,15629,Subv. fonct. aux associat.et autres personnes droit privé
Sports et jeunesse,422.1,Action socio-éducative,6574.02,Provision multimédia (formation,36060,Subvention fonct. - Nouvelles technologies
Culture,311.15,CRR - Musiques,6574,Terre des arts Formation musicale,8370,Subv. fonct. aux associat.et autres personnes droit privé
Interventions sociales et santé,524.1,Autres interventions  sociales,6574,Union Locale Union Nationale des Syndicats Autonomes (UNSA),41081,Subv. fonct. aux associat.et autres personnes droit privé
Interventions sociales et santé,512.2,Actions de prévention sanitaire,6574,Maison Associative de la Santé (MAS),107197,Subv. fonct. aux associat.et autres personnes droit privé
Culture,311.15,CRR - Musiques,6574,MJC Antipode Cleunay - Formation musicale,2500,Subv. fonct. aux associat.et autres personnes droit privé
Sports et jeunesse,422.1,Action socio-éducative,6574,MJC MAISON DE SUEDE,200750,Subv. fonct. aux associat.et autres personnes droit privé
Enseignement et formation,255.15,Oeuvres  scolaires,6574,Association des Fourneaux Economiques (des écoles privées de Rennes),398500,Subv. fonct. aux associat.et autres personnes droit privé
Sports et jeunesse,422.1,Action socio-éducative,6574,Comité d'Etablissement des Cheminots de Bretagne,10000,Subv. fonct. aux associat.et autres personnes droit privé
Interventions sociales et santé,524.1,Autres interventions  sociales,6574,Dispositif de Soutien aux Tuteurs Familiaux d'Ille-et-Vilaine,1000,Subv. fonct. aux associat.et autres personnes droit privé
Enseignement et formation,255.1,Activités éducatives périscolaires,6574,FAL 35 Accompagnement à la scolarité,30000,Subv. fonct. aux associat.et autres personnes droit privé
Famille,64.116,Autres crèches,6574,CRECHE BILINGUE NEIZHIG,82500,Subv. fonct. aux associat.et autres personnes droit privé
Services généraux des administrations publiques locales,23.101,Information Communication,6574,Rennes Cité Média TV Rennes (RCM),880000,Subv. fonct. aux associat.et autres personnes droit privé
Famille,64.116,Autres crèches,6574,Provision pour projets innovants Petite Enfance,3963,Subv. fonct. aux associat.et autres personnes droit privé
Sports et jeunesse,40.25,Animation sportive,6574,REC Aviron,790,Subv. fonct. aux associat.et autres personnes droit privé
Sports et jeunesse,422.1,Action socio-éducative,6574,PHAKT L. LAGRANGE,123668,Subv. fonct. aux associat.et autres personnes droit privé
